FIELD NAME,ACCESS,DEFAULT,VALUE,IS_DEFAULT
IVM.REG_CHIP_ID_1_R.DEV_ID_E,RO,0x0,0x0,True
IVM.REG_CHIP_ID_1_R.DEV_ID_D,RO,0x1,0x1,True
IVM.REG_CHIP_ID_1_R.DEV_ID_C,RO,0xA,0xA,True
IVM.REG_CHIP_ID_1_R.DEV_ID_B,RO,0x0,0x0,True
IVM.REG_CHIP_ID_1_R.DEV_ID_A,RO,0x0,0x0,True
IVM.REG_CHIP_ID_2_R.RLS_ID,RO,0xAA,0xAA,True
IVM.REG_CHIP_ID_2_R.REV_ID,RO,0xAA,0xAA,True
IVM.REG_CHIP_ID_2_R.FAB_ID,RO,0x61,0x61,True
IVM.REG_IRQ_STATUS_R.DD_PH1_IL_OC_DET_STATUS,RO,0x0,0x0,True
IVM.REG_IRQ_STATUS_R.DD_PH2_IL_OC_DET_STATUS,RO,0x0,0x0,True
IVM.REG_IRQ_STATUS_R.DD_PH3_IL_OC_DET_STATUS,RO,0x0,0x0,True
IVM.REG_IRQ_STATUS_R.DD_PH4_IL_OC_DET_STATUS,RO,0x0,0x0,True
IVM.REG_IRQ_STATUS_R.DS_AON_VDDSNS_UVLO_STATUS,RO,0x0,0x1,False
IVM.REG_IRQ_STATUS_R.DS_AON_VDDSNS_OVP_STATUS,RO,0x0,0x0,True
IVM.REG_IRQ_STATUS_R.DS_AON_VBUS_UVLO_STATUS,RO,0x0,0x0,True
IVM.REG_IRQ_STATUS_R.DS_AON_VBUS_OVP_STATUS,RO,0x0,0x0,True
IVM.REG_IRQ_STATUS_R.DS_AON_DETACH_STATUS,RO,0x0,0x0,True
IVM.REG_IRQ_STATUS_R.IRQ_TEMP_ERR_STATUS,RO,0x0,0x0,True
IVM.REG_IRQ_STATUS_R.IRQ_TEMP_WARN_STATUS,RO,0x0,0x0,True
IVM.REG_IRQ_STICKY_R.DD_PH1_IL_OC_DET_STICKY,RO,0x0,0x0,True
IVM.REG_IRQ_STICKY_R.DD_PH2_IL_OC_DET_STICKY,RO,0x0,0x0,True
IVM.REG_IRQ_STICKY_R.DD_PH3_IL_OC_DET_STICKY,RO,0x0,0x0,True
IVM.REG_IRQ_STICKY_R.DD_PH4_IL_OC_DET_STICKY,RO,0x0,0x0,True
IVM.REG_IRQ_STICKY_R.DS_AON_VDDSNS_UVLO_STICKY,RO,0x0,0x1,False
IVM.REG_IRQ_STICKY_R.DS_AON_VDDSNS_OVP_STICKY,RO,0x0,0x0,True
IVM.REG_IRQ_STICKY_R.DS_AON_VBUS_UVLO_STICKY,RO,0x0,0x0,True
IVM.REG_IRQ_STICKY_R.DS_AON_VBUS_OVP_STICKY,RO,0x0,0x0,True
IVM.REG_IRQ_STICKY_R.DS_AON_DETACH_STICKY,RO,0x0,0x0,True
IVM.REG_IRQ_STICKY_R.IRQ_TEMP_ERR_STICKY,RO,0x0,0x0,True
IVM.REG_IRQ_STICKY_R.IRQ_TEMP_WARN_STICKY,RO,0x0,0x0,True
IVM.REG_IRQ_MASK_RW.DD_PH1_IL_OC_DET_MASK,RW,0x1,0x1,True
IVM.REG_IRQ_MASK_RW.DD_PH2_IL_OC_DET_MASK,RW,0x1,0x1,True
IVM.REG_IRQ_MASK_RW.DD_PH3_IL_OC_DET_MASK,RW,0x1,0x1,True
IVM.REG_IRQ_MASK_RW.DD_PH4_IL_OC_DET_MASK,RW,0x1,0x1,True
IVM.REG_IRQ_MASK_RW.DS_AON_VDDSNS_UVLO_MASK,RW,0x1,0x1,True
IVM.REG_IRQ_MASK_RW.DS_AON_VDDSNS_OVP_MASK,RW,0x1,0x1,True
IVM.REG_IRQ_MASK_RW.DS_AON_VBUS_UVLO_MASK,RW,0x1,0x1,True
IVM.REG_IRQ_MASK_RW.DS_AON_VBUS_OVP_MASK,RW,0x1,0x1,True
IVM.REG_IRQ_MASK_RW.DS_AON_DETACH_MASK,RW,0x1,0x1,True
IVM.REG_IRQ_MASK_RW.IRQ_TEMP_ERR_MASK,RW,0x1,0x1,True
IVM.REG_IRQ_MASK_RW.IRQ_TEMP_WARN_MASK,RW,0x1,0x1,True
IVM.REG_IRQ_CLEAR_W_PULSE.DD_PH1_IL_OC_DET_CLEAR,WO,0x0,0x0,True
IVM.REG_IRQ_CLEAR_W_PULSE.DD_PH2_IL_OC_DET_CLEAR,WO,0x0,0x0,True
IVM.REG_IRQ_CLEAR_W_PULSE.DD_PH3_IL_OC_DET_CLEAR,WO,0x0,0x0,True
IVM.REG_IRQ_CLEAR_W_PULSE.DD_PH4_IL_OC_DET_CLEAR,WO,0x0,0x0,True
IVM.REG_IRQ_CLEAR_W_PULSE.DS_AON_VDDSNS_UVLO_CLEAR,WO,0x0,0x0,True
IVM.REG_IRQ_CLEAR_W_PULSE.DS_AON_VDDSNS_OVP_CLEAR,WO,0x0,0x0,True
IVM.REG_IRQ_CLEAR_W_PULSE.DS_AON_VBUS_UVLO_CLEAR,WO,0x0,0x0,True
IVM.REG_IRQ_CLEAR_W_PULSE.DS_AON_VBUS_OVP_CLEAR,WO,0x0,0x0,True
IVM.REG_IRQ_CLEAR_W_PULSE.DS_AON_DETACH_CLEAR,WO,0x0,0x0,True
IVM.REG_IRQ_CLEAR_W_PULSE.IRQ_TEMP_ERR_CLEAR,WO,0x0,0x0,True
IVM.REG_IRQ_CLEAR_W_PULSE.IRQ_TEMP_WARN_CLEAR,WO,0x0,0x0,True
IVM.REG_IRQ_DEBOUNCE_RW.VDDSNS_UVLO_DEBOUNCE,RW,0x1,0x1,True
IVM.REG_IRQ_DEBOUNCE_RW.VBUS_UVLO_DEBOUNCE,RW,0x1,0x1,True
IVM.REG_IRQ_DEBOUNCE_RW.VDDSNS_OVP_DEBOUNCE,RW,0x1,0x1,True
IVM.REG_IRQ_DEBOUNCE_RW.VBUS_OVP_DEBOUNCE,RW,0x1,0x1,True
IVM.REG_IRQ_DEBOUNCE_RW.DETACH_DEBOUNCE,RW,0x1,0x1,True
IVM.REG_IRQ_ACT_STATUS_RO.DS_IFET_EN_RO,RO,0x0,0x0,True
IVM.REG_IRQ_ACT_STATUS_RO.DS_PH1_DRV_EN_RO,RO,0x0,0x0,True
IVM.REG_IRQ_ACT_STATUS_RO.DS_PH1_DRV_EN_D_RO,RO,0x0,0x0,True
IVM.REG_IRQ_ACT_STATUS_RO.DS_PH2_DRV_EN_RO,RO,0x0,0x0,True
IVM.REG_IRQ_ACT_STATUS_RO.DS_PH2_DRV_EN_D_RO,RO,0x0,0x0,True
IVM.REG_IRQ_ACT_STATUS_RO.DS_PH3_DRV_EN_RO,RO,0x0,0x0,True
IVM.REG_IRQ_ACT_STATUS_RO.DS_PH3_DRV_EN_D_RO,RO,0x0,0x0,True
IVM.REG_IRQ_ACT_STATUS_RO.DS_PH4_DRV_EN_RO,RO,0x0,0x0,True
IVM.REG_IRQ_ACT_STATUS_RO.DS_PH4_DRV_EN_D_RO,RO,0x0,0x0,True
IVM.REG_PWRUP0_RW.DS_NEGCP_EN,RW,0x0,0x0,True
IVM.REG_PWRUP0_RW.DS_IFET_EN,RW,0x0,0x0,True
IVM.REG_PWRUP0_RW.DS_IFET_EN_DEL_DN,RW,0x0,0x0,True
IVM.REG_PWRUP0_RW.DS_IFET_CP_EN,RW,0x0,0x0,True
IVM.REG_PWRUP0_RW.DS_IFET_CP_PD_EN,RW,0x0,0x0,True
IVM.REG_PWRUP0_RW.DS_IFET_CP_SS_EN,RW,0x0,0x0,True
IVM.REG_PWRUP0_RW.DS_IFET_IBUS_EN,RW,0x0,0x0,True
IVM.REG_PWRUP0_RW.DS_IFET_IBUS_EN_D,RW,0x0,0x0,True
IVM.REG_PWRUP0_RW.DS_HVLDO_EN,RW,0x0,0x0,True
IVM.REG_PWRUP0_RW.DS_AON_EN_DETACH,RW,0x0,0x0,True
IVM.REG_PWRUP0_RW.DS_AON_EN_VDDSNS_OVP,RW,0x0,0x0,True
IVM.REG_PWRUP0_RW.DS_AON_EN_VBUS_OVP,RW,0x0,0x0,True
IVM.REG_PWRUP0_RW.DS_PH1_CFLY_SENSE_EN,RW,0x0,0x0,True
IVM.REG_PWRUP0_RW.DS_PH1_CFLY_SENSE_EN_D,RW,0x0,0x0,True
IVM.REG_PWRUP0_RW.DS_PH1_CFLY_EN_CHG,RW,0x0,0x0,True
IVM.REG_PWRUP0_RW.DS_PH1_CFLY_EN_CHG_D,RW,0x0,0x0,True
IVM.REG_PWRUP0_RW.DS_PH2_CFLY_SENSE_EN,RW,0x0,0x0,True
IVM.REG_PWRUP0_RW.DS_PH2_CFLY_SENSE_EN_D,RW,0x0,0x0,True
IVM.REG_PWRUP0_RW.DS_PH2_CFLY_EN_CHG,RW,0x0,0x0,True
IVM.REG_PWRUP0_RW.DS_PH2_CFLY_EN_CHG_D,RW,0x0,0x0,True
IVM.REG_PWRUP0_RW.DS_PH3_CFLY_SENSE_EN,RW,0x0,0x0,True
IVM.REG_PWRUP0_RW.DS_PH3_CFLY_SENSE_EN_D,RW,0x0,0x0,True
IVM.REG_PWRUP0_RW.DS_PH3_CFLY_EN_CHG,RW,0x0,0x0,True
IVM.REG_PWRUP0_RW.DS_PH3_CFLY_EN_CHG_D,RW,0x0,0x0,True
IVM.REG_PWRUP0_RW.DS_PH4_CFLY_SENSE_EN,RW,0x0,0x0,True
IVM.REG_PWRUP0_RW.DS_PH4_CFLY_SENSE_EN_D,RW,0x0,0x0,True
IVM.REG_PWRUP0_RW.DS_PH4_CFLY_EN_CHG,RW,0x0,0x0,True
IVM.REG_PWRUP0_RW.DS_PH4_CFLY_EN_CHG_D,RW,0x0,0x0,True
IVM.REG_PWRUP0_RW.DS_REF_PDNB,RW,0x0,0x0,True
IVM.REG_PWRUP0_RW.DS_LDO1P8_PDNB,RW,0x0,0x0,True
IVM.REG_PWRUP0_RW.DS_PH13_INDCS_EN_BUF,RW,0x0,0x0,True
IVM.REG_PWRUP0_RW.DS_PH24_INDCS_EN_BUF,RW,0x0,0x0,True
IVM.REG_PWRUP1_RW.DS_PH1_DRV_EN,RW,0x0,0x0,True
IVM.REG_PWRUP1_RW.DS_PH1_DRV_EN_D,RW,0x0,0x0,True
IVM.REG_PWRUP1_RW.DS_PH1_DRV_BST_EN,RW,0x0,0x0,True
IVM.REG_PWRUP1_RW.DS_PH1_INDCS_PP_EN,RW,0x0,0x0,True
IVM.REG_PWRUP1_RW.DS_PH1_INDCS_PP_EN_D,RW,0x0,0x0,True
IVM.REG_PWRUP1_RW.DS_PH1_INDCS_EN_OCP,RW,0x0,0x0,True
IVM.REG_PWRUP1_RW.DS_PH1_INDCS_EN_ZC,RW,0x0,0x0,True
IVM.REG_PWRUP1_RW.DS_PH1_INDCS_FORCE_AZ,RW,0x0,0x0,True
IVM.REG_PWRUP1_RW.DS_PH2_DRV_EN,RW,0x0,0x0,True
IVM.REG_PWRUP1_RW.DS_PH2_DRV_EN_D,RW,0x0,0x0,True
IVM.REG_PWRUP1_RW.DS_PH2_DRV_BST_EN,RW,0x0,0x0,True
IVM.REG_PWRUP1_RW.DS_PH2_INDCS_PP_EN,RW,0x0,0x0,True
IVM.REG_PWRUP1_RW.DS_PH2_INDCS_PP_EN_D,RW,0x0,0x0,True
IVM.REG_PWRUP1_RW.DS_PH2_INDCS_EN_OCP,RW,0x0,0x0,True
IVM.REG_PWRUP1_RW.DS_PH2_INDCS_EN_ZC,RW,0x0,0x0,True
IVM.REG_PWRUP1_RW.DS_PH2_INDCS_FORCE_AZ,RW,0x0,0x0,True
IVM.REG_PWRUP1_RW.DS_PH3_DRV_EN,RW,0x0,0x0,True
IVM.REG_PWRUP1_RW.DS_PH3_DRV_EN_D,RW,0x0,0x0,True
IVM.REG_PWRUP1_RW.DS_PH3_DRV_BST_EN,RW,0x0,0x0,True
IVM.REG_PWRUP1_RW.DS_PH3_INDCS_PP_EN,RW,0x0,0x0,True
IVM.REG_PWRUP1_RW.DS_PH3_INDCS_PP_EN_D,RW,0x0,0x0,True
IVM.REG_PWRUP1_RW.DS_PH3_INDCS_EN_OCP,RW,0x0,0x0,True
IVM.REG_PWRUP1_RW.DS_PH3_INDCS_EN_ZC,RW,0x0,0x0,True
IVM.REG_PWRUP1_RW.DS_PH3_INDCS_FORCE_AZ,RW,0x0,0x0,True
IVM.REG_PWRUP1_RW.DS_PH4_DRV_EN,RW,0x0,0x0,True
IVM.REG_PWRUP1_RW.DS_PH4_DRV_EN_D,RW,0x0,0x0,True
IVM.REG_PWRUP1_RW.DS_PH4_DRV_BST_EN,RW,0x0,0x0,True
IVM.REG_PWRUP1_RW.DS_PH4_INDCS_PP_EN,RW,0x0,0x0,True
IVM.REG_PWRUP1_RW.DS_PH4_INDCS_PP_EN_D,RW,0x0,0x0,True
IVM.REG_PWRUP1_RW.DS_PH4_INDCS_EN_OCP,RW,0x0,0x0,True
IVM.REG_PWRUP1_RW.DS_PH4_INDCS_EN_ZC,RW,0x0,0x0,True
IVM.REG_PWRUP1_RW.DS_PH4_INDCS_FORCE_AZ,RW,0x0,0x0,True
IVM.REG_PWRUP2_RW.DS_PH1_DRV_BST12_EN,RW,0x0,0x0,True
IVM.REG_PWRUP2_RW.DS_PH1_DRV_BOOST_PRCHG_LSH_EN,RW,0x0,0x0,True
IVM.REG_PWRUP2_RW.DS_PH2_DRV_BST12_EN,RW,0x0,0x0,True
IVM.REG_PWRUP2_RW.DS_PH2_DRV_BOOST_PRCHG_LSH_EN,RW,0x0,0x0,True
IVM.REG_PWRUP2_RW.DS_PH3_DRV_BST12_EN,RW,0x0,0x0,True
IVM.REG_PWRUP2_RW.DS_PH3_DRV_BOOST_PRCHG_LSH_EN,RW,0x0,0x0,True
IVM.REG_PWRUP2_RW.DS_PH4_DRV_BST12_EN,RW,0x0,0x0,True
IVM.REG_PWRUP2_RW.DS_PH4_DRV_BOOST_PRCHG_LSH_EN,RW,0x0,0x0,True
IVM.REG_PWRUP2_RW.DS_INDCS_BUCK_MODE,RW,0x1,0x1,True
IVM.REG_PWRUP2_RW.DS_DRV_PRCHG_MODE_SEL,RW,0x0,0x0,True
IVM.REG_PWRUP2_RW.TEMP_ENABLE,RW,0x0,0x0,True
IVM.REG_PWRUP2_RW.DS_PH4_DRV_WPU_EN,RW,0x0,0x0,True
IVM.REG_PWRUP2_RW.DS_PH3_DRV_WPU_EN,RW,0x0,0x0,True
IVM.REG_PWRUP2_RW.DS_PH2_DRV_WPU_EN,RW,0x0,0x0,True
IVM.REG_PWRUP2_RW.DS_PH1_DRV_WPU_EN,RW,0x0,0x0,True
IVM.REG_PWRUP2_RW.DS_PH4_INDCS_REPLICA_AON,RW,0x0,0x0,True
IVM.REG_PWRUP2_RW.DS_PH3_INDCS_REPLICA_AON,RW,0x0,0x0,True
IVM.REG_PWRUP2_RW.DS_PH2_INDCS_REPLICA_AON,RW,0x0,0x0,True
IVM.REG_PWRUP2_RW.DS_PH1_INDCS_REPLICA_AON,RW,0x0,0x0,True
IVM.REG_PWRUP2_RW.DS_PH1_DRV_BST2_POR_BOOST,RW,0x0,0x0,True
IVM.REG_PWRUP2_RW.DS_PH2_DRV_BST2_POR_BOOST,RW,0x0,0x0,True
IVM.REG_PWRUP2_RW.DS_PH3_DRV_BST2_POR_BOOST,RW,0x0,0x0,True
IVM.REG_PWRUP2_RW.DS_PH4_DRV_BST2_POR_BOOST,RW,0x0,0x0,True
IVM.REG_PWRUP2_RW.DS_PH1_DRV_BST2_WPU,RW,0x0,0x0,True
IVM.REG_PWRUP2_RW.DS_PH2_DRV_BST2_WPU,RW,0x0,0x0,True
IVM.REG_PWRUP2_RW.DS_PH3_DRV_BST2_WPU,RW,0x0,0x0,True
IVM.REG_PWRUP2_RW.DS_PH4_DRV_BST2_WPU,RW,0x0,0x0,True
IVM.REG_PWRUP2_RW.DS_INDCS_CLR_OCP,RW,0x0,0x0,True
IVM.REG_AON_RW.DS_AON_VDDSNS_OVP_SEL,RW,0x0,0x0,True
IVM.REG_AON_RW.DS_AON_EN_VBUS_UVLO_B,RW,0x0,0x0,True
IVM.REG_AON_RW.DS_AON_EN_VDDSNS_UVLO_B,RW,0x0,0x0,True
IVM.REG_AON_RW.DS_AON_EN_VBUSVSVDD_B,RW,0x0,0x0,True
IVM.REG_AON_RW.DS_AON_EN_VDDA_POR_B,RW,0x0,0x0,True
IVM.REG_AON_RW.DS_AON_EN_VDDAON_POR_B,RW,0x0,0x0,True
IVM.REG_AON_RW.DS_AON_EN_VDDD_POR_B,RW,0x0,0x0,True
IVM.REG_AON_RW.DS_AON_EN_VDDHV_POR_B,RW,0x0,0x0,True
IVM.REG_AON_RW.DS_AON_EN_VDDIO_POR_B,RW,0x0,0x0,True
IVM.REG_AON_RW.DS_VMAINBG_HTOL,RW,0x0,0x0,True
IVM.REG_AON_RW.DS_AON_VBUS_OVP_SEL,RW,0x0,0x0,True
IVM.REG_AON_RW.DS_AON_OSC_DIS,RW,0x0,0x0,True
IVM.REG_AON_RW.DS_AON_SPARE,RW,0x0,0x0,True
IVM.REG_AON_RW.DS_AON_EN_DUMMYLOAD,RW,0x0,0x0,True
IVM.REG_AON_RW.DS_AON_RSTB_MASK,RW,0x0,0x0,True
IVM.REG_AON_RW.SPARE_R24,RW,0x0,0x0,True
IVM.REG_LDOS_RW.DS_LDO1P2_HIZ,RW,0x0,0x0,True
IVM.REG_LDOS_RW.DS_LDO1P2_CLAMP_PDNB,RW,0x0,0x0,True
IVM.REG_LDOS_RW.DS_LDO1P2_DIRECTDRIVE,RW,0x0,0x0,True
IVM.REG_LDOS_RW.DS_LDO1P2_START,RW,0x0,0x0,True
IVM.REG_LDOS_RW.DS_LDO1P2_LPWRBIAS,RW,0x0,0x0,True
IVM.REG_LDOS_RW.DS_LDO1P2_MODE2_RES,RW,0x0,0x0,True
IVM.REG_LDOS_RW.DS_LDO1P2_CLK_MISSING,RW,0x0,0x0,True
IVM.REG_LDOS_RW.DS_LDO1P2_VIS_ENA,RW,0x0,0x0,True
IVM.REG_LDOS_RW.SPARE_R28,RW,0x0,0x0,True
IVM.REG_LDOS_RW.DS_LDO1P2_BUF_CUR_2X,RW,0x0,0x0,True
IVM.REG_LDOS_RW.DS_LDO1P2_AMP_2X_BIAS_B,RW,0x0,0x0,True
IVM.REG_LDOS_RW.DS_LDO1P2_IBIAS_2X_B,RW,0x0,0x0,True
IVM.REG_LDOS_RW.DS_LDO1P2_MODE2_SWITCH,RW,0x0,0x0,True
IVM.REG_LDOS_RW.DS_LDO1P8_LOW_POW,RW,0x0,0x0,True
IVM.REG_LDOS_RW.DS_LDO1P8_SHUNT,RW,0x0,0x0,True
IVM.REG_LDOS_RW.DS_HVLDO_SPARE,RW,0x0,0x0,True
IVM.REG_LDOS_RW.DS_HVLDO_PROG,RW,0x8,0x8,True
IVM.REG_LDOS_RW.DS_HVLDO_DUMMYLOAD_EN,RW,0x0,0x0,True
IVM.REG_LDOS_RW.DS_HVLDO_DIS_CL,RW,0x0,0x0,True
IVM.REG_LDOS_RW.DS_HVLDO_IBIAS_PROG,RW,0x0,0x0,True
IVM.REG_LDOS_RW.DS_HVLDO_PULLDOWN_DISCH_DIS,RW,0x0,0x0,True
IVM.REG_DCO_RW.DS_DCO_POLE_SHIFT,RW,0x0,0x0,True
IVM.REG_DCO_RW.DS_DCO_CTRL_LSB,RW,0x0,0x0,True
IVM.REG_DCO_RW.DS_DCO_CTRL,RW,0x12,0x12,True
IVM.REG_DCO_RW.DS_DCO_KVCO_TUNE,RW,0x0,0x0,True
IVM.REG_DCO_RW.DS_DCO_STEER_PDNB,RW,0x0,0x0,True
IVM.REG_DCO_RW.SPARE_R2C,RW,0x0,0x0,True
IVM.REG_CFLY_RW.DS_CFLY_CURR,RW,0x2,0x2,True
IVM.REG_CFLY_RW.DS_CFLY_CHG_SEL,RW,0x2,0x2,True
IVM.REG_CFLY_RW.DS_CFLY_DISCHG_SEL,RW,0x2,0x2,True
IVM.REG_CFLY_RW.DS_CFLY_LSH_PULSE_SEL,RW,0x0,0x0,True
IVM.REG_CFLY_RW.SPARE_R30,RW,0x0,0x0,True
IVM.REG_DRV_INDCS_RW.DS_DRV_SLEW,RW,0x0,0x0,True
IVM.REG_DRV_INDCS_RW.DS_DRV_LSH_PULSE_SEL,RW,0x0,0x0,True
IVM.REG_DRV_INDCS_RW.DS_DRV_OC_MASK,RW,0x0,0x0,True
IVM.REG_DRV_INDCS_RW.SPARE_R34,RW,0x0,0x0,True
IVM.REG_DRV_INDCS_RW.DS_PH1_INDCS_PROG_OCP,RW,0x2,0x2,True
IVM.REG_DRV_INDCS_RW.DS_PH2_INDCS_PROG_OCP,RW,0x2,0x2,True
IVM.REG_DRV_INDCS_RW.DS_PH3_INDCS_PROG_OCP,RW,0x2,0x2,True
IVM.REG_DRV_INDCS_RW.DS_PH4_INDCS_PROG_OCP,RW,0x2,0x2,True
IVM.REG_DRV_INDCS_RW.DS_INDCS_PP_SEL,RW,0x0,0x0,True
IVM.REG_DRV_INDCS_RW.DS_INDCS_SAMPLE_DELAY,RW,0x0,0x0,True
IVM.REG_DRV_INDCS_RW.DS_INDCS_LSH_SEL_LOW_PULSE,RW,0x0,0x0,True
IVM.REG_DRV_INDCS_RW.DS_INDCS_ZC_DEG,RW,0x0,0x0,True
IVM.REG_DRV_INDCS_RW.IL_ZC_DET_SEL,RW,0x0,0x0,True
IVM.REG_DRV_RW.DS_PH1_DRV_SPARE,RW,0x0,0x0,True
IVM.REG_DRV_RW.DS_PH2_DRV_SPARE,RW,0x0,0x0,True
IVM.REG_DRV_RW.DS_PH3_DRV_SPARE,RW,0x0,0x0,True
IVM.REG_DRV_RW.DS_PH4_DRV_SPARE,RW,0x0,0x0,True
IVM.REG_VBG_THERMAL_RW.DS_REF_LOWPOWERB,RW,0x0,0x0,True
IVM.REG_VBG_THERMAL_RW.DD_REF_CHP_LATCH,RW,0x0,0x0,True
IVM.REG_VBG_THERMAL_RW.DD_REF_CHP,RW,0x0,0x0,True
IVM.REG_VBG_THERMAL_RW.DS_REF_CHP_EN,RW,0x0,0x0,True
IVM.REG_VBG_THERMAL_RW.DS_REF_PROG_ISNS,RW,0x0,0x0,True
IVM.REG_VBG_THERMAL_RW.DS_REF_PROG_VCELL,RW,0x0,0x0,True
IVM.REG_VBG_THERMAL_RW.DS_REF_PROG_VSNS,RW,0x0,0x0,True
IVM.REG_VBG_THERMAL_RW.SPARE_R3C,RW,0x0,0x0,True
IVM.REG_IFET_RW.DS_NEGCP_SEL,RW,0x0,0x0,True
IVM.REG_IFET_RW.DS_NEGCP_PU_DIS,RW,0x0,0x0,True
IVM.REG_IFET_RW.DS_NEGCP_EN_SOFTSTART,RW,0x0,0x0,True
IVM.REG_IFET_RW.IFET_CP_NUM_TCK,RW,0x0,0x0,True
IVM.REG_IFET_RW.DS_IFET_SPARE,RW,0x0,0x0,True
IVM.REG_IFET_RW.DS_IFET_CP_SS_MODE,RW,0x0,0x0,True
IVM.REG_IFET_RW.DS_IFET_CP_LS_PULSE_SET,RW,0x0,0x0,True
IVM.REG_IFET_RW.DS_IFET_CP_LEAKAGE_DIS,RW,0x0,0x0,True
IVM.REG_IFET_RW.DS_IFET_CP_DISOVER_SET,RW,0x0,0x0,True
IVM.REG_IFET_RW.DS_IFET_VDDAON_OFF_DIS,RW,0x0,0x0,True
IVM.REG_IFET_RW.DS_IFET_CP_SS_SET,RW,0x0,0x0,True
IVM.REG_IFET_RW.SPARE0_R40,RW,0x0,0x0,True
IVM.REG_IFET_RW.DS_IFET_CP_SEL,RW,0x0,0x0,True
IVM.REG_IFET_RW.DS_IFET_IUP_SET,RW,0x0,0x0,True
IVM.REG_IFET_RW.DS_IFET_IBUS_SEL,RW,0x0,0x0,True
IVM.REG_TRIM0_RW.DS_AON_VBUS_OVP_TRIM,RW,0x0,0x0,True
IVM.REG_TRIM0_RW.DS_VREF0P6_TRIM,RW,0x0,0x0,True
IVM.REG_TRIM0_RW.DS_VREF_VBUSLDO_TRIM,RW,0x0,0x0,True
IVM.REG_TRIM0_RW.DS_VMAINBG_TRIM,RW,0x0,0x0,True
IVM.REG_TRIM0_RW.DS_AON_VDDSNS_OVP_TRIM,RW,0x0,0x0,True
IVM.REG_TRIM0_RW.DS_DCO_FREQ_CAL_TRIM,RW,0x0,0x0,True
IVM.REG_TRIM1_RW.DS_REF_TEMPCO_TRIM,RW,0x0,0x0,True
IVM.REG_TRIM1_RW.DS_REF_TRIM,RW,0x0,0x0,True
IVM.REG_TRIM1_RW.SPARE_R54,RW,0x0,0x0,True
IVM.REG_TRIM1_RW.TEMP_ERROR_THLD,RW,0x0,0x0,True
IVM.REG_TRIM1_RW.TEMP_GAIN_OTP_VAL,RW,0xF,0xF,True
IVM.REG_TRIM1_RW.TEMP_OFFSET_OTP_VAL,RW,0xA9,0xA9,True
IVM.REG_TRIM2_RW.DS_LDO1P2_RZERO1_TRIM_B,RW,0x0,0x0,True
IVM.REG_TRIM2_RW.DS_LDO1P2_MODE2_XTOR,RW,0x0,0x0,True
IVM.REG_TRIM2_RW.DS_LDO1P2_COMP_VREF_TRIM,RW,0x0,0x0,True
IVM.REG_TRIM2_RW.DS_LDO1P2_COMP_TRIM_HYS,RW,0x0,0x0,True
IVM.REG_TRIM2_RW.DS_LDO1P2_VREF_TRIM,RW,0x0,0x0,True
IVM.REG_TRIM3_RW.DS_PH4_INDCS_TRIM_GAIN_S4,RW,0x0,0x0,True
IVM.REG_TRIM3_RW.DS_PH4_INDCS_TRIM_GAIN_S1,RW,0x0,0x0,True
IVM.REG_TRIM3_RW.DS_PH4_INDCS_MIR_TRIM_S4,RW,0x0,0x0,True
IVM.REG_TRIM3_RW.DS_PH4_INDCS_MIR_TRIM_S1,RW,0x0,0x0,True
IVM.REG_TRIM3_RW.SPARE_R5C,RW,0x0,0x0,True
IVM.REG_TRIM3_RW.DS_PH24_INDCS_TRIM_BUF,RW,0x0,0x0,True
IVM.REG_TRIM3_RW.DS_PH13_INDCS_TRIM_BUF,RW,0x0,0x0,True
IVM.REG_TRIM4_RW.DS_PH4_INDCS_TRIM_FINE_ZC_S4,RW,0x0,0x0,True
IVM.REG_TRIM4_RW.DS_PH4_INDCS_TRIM_FINE_ZC_S1,RW,0x0,0x0,True
IVM.REG_TRIM4_RW.DS_PH4_INDCS_TRIM_ZC_S4,RW,0x0,0x0,True
IVM.REG_TRIM4_RW.DS_PH4_INDCS_TRIM_ZC_S1,RW,0x0,0x0,True
IVM.REG_TRIM4_RW.DS_PH4_INDCS_TRIM_OFFSET_S4,RW,0x0,0x0,True
IVM.REG_TRIM4_RW.DS_PH4_INDCS_TRIM_OFFSET_S1,RW,0x0,0x0,True
IVM.REG_TRIM5_RW.DS_PH3_INDCS_TRIM_GAIN_S4,RW,0x0,0x0,True
IVM.REG_TRIM5_RW.DS_PH3_INDCS_TRIM_GAIN_S1,RW,0x0,0x0,True
IVM.REG_TRIM5_RW.DS_PH3_INDCS_MIR_TRIM_S4,RW,0x0,0x0,True
IVM.REG_TRIM5_RW.DS_PH3_INDCS_MIR_TRIM_S1,RW,0x0,0x0,True
IVM.REG_TRIM6_RW.DS_PH3_INDCS_TRIM_FINE_ZC_S4,RW,0x0,0x0,True
IVM.REG_TRIM6_RW.DS_PH3_INDCS_TRIM_FINE_ZC_S1,RW,0x0,0x0,True
IVM.REG_TRIM6_RW.DS_PH3_INDCS_TRIM_ZC_S4,RW,0x0,0x0,True
IVM.REG_TRIM6_RW.DS_PH3_INDCS_TRIM_ZC_S1,RW,0x0,0x0,True
IVM.REG_TRIM6_RW.DS_PH3_INDCS_TRIM_OFFSET_S4,RW,0x0,0x0,True
IVM.REG_TRIM6_RW.DS_PH3_INDCS_TRIM_OFFSET_S1,RW,0x0,0x0,True
IVM.REG_TRIM7_RW.DS_PH2_INDCS_TRIM_GAIN_S4,RW,0x0,0x0,True
IVM.REG_TRIM7_RW.DS_PH2_INDCS_TRIM_GAIN_S1,RW,0x0,0x0,True
IVM.REG_TRIM7_RW.DS_PH2_INDCS_MIR_TRIM_S4,RW,0x0,0x0,True
IVM.REG_TRIM7_RW.DS_PH2_INDCS_MIR_TRIM_S1,RW,0x0,0x0,True
IVM.REG_TRIM8_RW.DS_PH2_INDCS_TRIM_FINE_ZC_S4,RW,0x0,0x0,True
IVM.REG_TRIM8_RW.DS_PH2_INDCS_TRIM_FINE_ZC_S1,RW,0x0,0x0,True
IVM.REG_TRIM8_RW.DS_PH2_INDCS_TRIM_ZC_S4,RW,0x0,0x0,True
IVM.REG_TRIM8_RW.DS_PH2_INDCS_TRIM_ZC_S1,RW,0x0,0x0,True
IVM.REG_TRIM8_RW.DS_PH2_INDCS_TRIM_OFFSET_S4,RW,0x0,0x0,True
IVM.REG_TRIM8_RW.DS_PH2_INDCS_TRIM_OFFSET_S1,RW,0x0,0x0,True
IVM.REG_TRIM9_RW.DS_PH1_INDCS_TRIM_GAIN_S4,RW,0x0,0x0,True
IVM.REG_TRIM9_RW.DS_PH1_INDCS_TRIM_GAIN_S1,RW,0x0,0x0,True
IVM.REG_TRIM9_RW.DS_PH1_INDCS_MIR_TRIM_S4,RW,0x0,0x0,True
IVM.REG_TRIM9_RW.DS_PH1_INDCS_MIR_TRIM_S1,RW,0x0,0x0,True
IVM.REG_TRIM10_RW.DS_PH1_INDCS_TRIM_FINE_ZC_S4,RW,0x0,0x0,True
IVM.REG_TRIM10_RW.DS_PH1_INDCS_TRIM_FINE_ZC_S1,RW,0x0,0x0,True
IVM.REG_TRIM10_RW.DS_PH1_INDCS_TRIM_ZC_S4,RW,0x0,0x0,True
IVM.REG_TRIM10_RW.DS_PH1_INDCS_TRIM_ZC_S1,RW,0x0,0x0,True
IVM.REG_TRIM10_RW.DS_PH1_INDCS_TRIM_OFFSET_S4,RW,0x0,0x0,True
IVM.REG_TRIM10_RW.DS_PH1_INDCS_TRIM_OFFSET_S1,RW,0x0,0x0,True
IVM.REG_FORCE_RW.SPARE_R80,RW,0x0,0x0,True
IVM.REG_FORCE_RW.DS_HVLDO_FORCE_EN,RW,0x0,0x0,True
IVM.REG_FORCE_RW.DS_HVLDO_FORCE_SEL,RW,0x0,0x0,True
IVM.REG_FORCE_RW.DS_AON_EN_VBUS_FORCE,RW,0x0,0x0,True
IVM.REG_FORCE_RW.DS_AON_VBUS_FORCE,RW,0x0,0x0,True
IVM.REG_FORCE_RW.DS_PH4_INDCS_FORCE_SEL,RW,0x0,0x0,True
IVM.REG_FORCE_RW.DS_PH4_INDCS_FORCE_EN,RW,0x0,0x0,True
IVM.REG_FORCE_RW.DS_PH3_INDCS_FORCE_SEL,RW,0x0,0x0,True
IVM.REG_FORCE_RW.DS_PH3_INDCS_FORCE_EN,RW,0x0,0x0,True
IVM.REG_FORCE_RW.DS_PH2_INDCS_FORCE_SEL,RW,0x0,0x0,True
IVM.REG_FORCE_RW.DS_PH2_INDCS_FORCE_EN,RW,0x0,0x0,True
IVM.REG_FORCE_RW.DS_PH1_INDCS_FORCE_SEL,RW,0x0,0x0,True
IVM.REG_FORCE_RW.DS_PH1_INDCS_FORCE_EN,RW,0x0,0x0,True
IVM.REG_FORCE_RW.DS_PH4_FORCE_CHG_TOP,RW,0x0,0x0,True
IVM.REG_FORCE_RW.DS_PH4_FORCE_CHG_BTM,RW,0x0,0x0,True
IVM.REG_FORCE_RW.DS_PH4_FORCE_BAL_EN,RW,0x0,0x0,True
IVM.REG_FORCE_RW.DS_PH4_FORCE_DISCHG,RW,0x0,0x0,True
IVM.REG_FORCE_RW.DS_PH3_FORCE_CHG_TOP,RW,0x0,0x0,True
IVM.REG_FORCE_RW.DS_PH3_FORCE_CHG_BTM,RW,0x0,0x0,True
IVM.REG_FORCE_RW.DS_PH3_FORCE_BAL_EN,RW,0x0,0x0,True
IVM.REG_FORCE_RW.DS_PH3_FORCE_DISCHG,RW,0x0,0x0,True
IVM.REG_FORCE_RW.DS_PH2_FORCE_CHG_TOP,RW,0x0,0x0,True
IVM.REG_FORCE_RW.DS_PH2_FORCE_CHG_BTM,RW,0x0,0x0,True
IVM.REG_FORCE_RW.DS_PH2_FORCE_BAL_EN,RW,0x0,0x0,True
IVM.REG_FORCE_RW.DS_PH2_FORCE_DISCHG,RW,0x0,0x0,True
IVM.REG_FORCE_RW.DS_PH1_FORCE_CHG_TOP,RW,0x0,0x0,True
IVM.REG_FORCE_RW.DS_PH1_FORCE_CHG_BTM,RW,0x0,0x0,True
IVM.REG_FORCE_RW.DS_PH1_FORCE_BAL_EN,RW,0x0,0x0,True
IVM.REG_FORCE_RW.DS_PH1_FORCE_DISCHG,RW,0x0,0x0,True
IVM.REG_TEST0_RW.DS_PH1_INDCS_TEST_SEL,RW,0x0,0x0,True
IVM.REG_TEST0_RW.DS_PH1_INDCS_TEST_EN,RW,0x0,0x0,True
IVM.REG_TEST0_RW.DS_PH1_DRV_TEST_EN,RW,0x0,0x0,True
IVM.REG_TEST0_RW.DS_PH1_DRV_TEST_HS,RW,0x0,0x0,True
IVM.REG_TEST0_RW.DS_PH2_INDCS_TEST_SEL,RW,0x0,0x0,True
IVM.REG_TEST0_RW.DS_PH2_INDCS_TEST_EN,RW,0x0,0x0,True
IVM.REG_TEST0_RW.DS_PH2_DRV_TEST_EN,RW,0x0,0x0,True
IVM.REG_TEST0_RW.DS_PH2_DRV_TEST_HS,RW,0x0,0x0,True
IVM.REG_TEST0_RW.DS_PH3_INDCS_TEST_SEL,RW,0x0,0x0,True
IVM.REG_TEST0_RW.DS_PH3_INDCS_TEST_EN,RW,0x0,0x0,True
IVM.REG_TEST0_RW.DS_PH3_DRV_TEST_EN,RW,0x0,0x0,True
IVM.REG_TEST0_RW.DS_PH3_DRV_TEST_HS,RW,0x0,0x0,True
IVM.REG_TEST0_RW.DS_PH4_INDCS_TEST_SEL,RW,0x0,0x0,True
IVM.REG_TEST0_RW.DS_PH4_INDCS_TEST_EN,RW,0x0,0x0,True
IVM.REG_TEST0_RW.DS_PH4_DRV_TEST_EN,RW,0x0,0x0,True
IVM.REG_TEST0_RW.DS_PH4_DRV_TEST_HS,RW,0x0,0x0,True
IVM.REG_TEST0_RW.SPARE_R84,RW,0x0,0x0,True
IVM.REG_TEST0_RW.DS_TEST2_VIS_SEL,RW,0x0,0x0,True
IVM.REG_TEST0_RW.DS_TEST2_VIS_EN,RW,0x0,0x0,True
IVM.REG_TEST0_RW.DS_TEST1_VIS_SEL,RW,0x0,0x0,True
IVM.REG_TEST0_RW.DS_TEST1_VIS_EN,RW,0x0,0x0,True
IVM.REG_TEST1_RW.DS_REF_TST,RW,0x0,0x0,True
IVM.REG_TEST1_RW.DS_REF_TST_VIS_EN,RW,0x0,0x0,True
IVM.REG_TEST1_RW.DS_REF_TST_VIS,RW,0x0,0x0,True
IVM.REG_TEST1_RW.DS_HVLDO_TEST_SEL,RW,0x0,0x0,True
IVM.REG_TEST1_RW.DS_HVLDO_TEST_EN,RW,0x0,0x0,True
IVM.REG_TEST1_RW.DS_AON_EN_TEST,RW,0x0,0x0,True
IVM.REG_TEST1_RW.DS_AON_TEST_SEL,RW,0x0,0x0,True
IVM.REG_TEST1_RW.DS_IFET_TST_VIS_EN,RW,0x0,0x0,True
IVM.REG_VIS_MUX_RW.TST4_SEL,RW,0x0,0x0,True
IVM.REG_VIS_MUX_RW.TST4_BLOCK_SEL,RW,0x0,0x0,True
IVM.REG_VIS_MUX_RW.TST3_SEL,RW,0x0,0x0,True
IVM.REG_VIS_MUX_RW.TST3_BLOCK_SEL,RW,0x0,0x0,True
IVM.REG_VIS_MUX_RW.TST2_SEL,RW,0x3,0x3,True
IVM.REG_VIS_MUX_RW.TST2_BLOCK_SEL,RW,0x0,0x0,True
IVM.REG_VIS_MUX_RW.TST1_SEL,RW,0x0,0x0,True
IVM.REG_VIS_MUX_RW.TST1_BLOCK_SEL,RW,0x0,0x0,True
IVM.REG_VIS_MUX_RW.SPARE_R8C,RW,0x0,0x0,True
IVM.REG_VIS_MUX_RW.TST_EN,RW,0x0,0x0,True
IVM.REG_TEMPMON_RW.TESTREG_ACCESS,RW,0x1,0x1,True
IVM.REG_TEMPMON_RW.USERREG_ACCESS,RW,0x1,0x1,True
IVM.REG_TEMPMON_RW.TEMP_VIS_ADDR,RW,0x0,0x0,True
IVM.REG_TEMPMON_RW.TEMP_VIS_EN,RW,0x0,0x0,True
IVM.REG_TEMPMON_RW.SAR_TEMP_FAST_INTV,RW,0x0,0x0,True
IVM.REG_SPI_RW.R_SPI_CFG,RW,0x1,0x1,True
IVM.REG_SPI_RW.R_SPI_4WIRE,RW,0x1,0x1,True
IVM.REG_SPI_RW.R_SPI_DPHA,RW,0x0,0x0,True
IVM.REG_SPI_RW.R_SPI_CPHA,RW,0x0,0x0,True
IVM.REG_SPI_RW.R_SPI_CPOL,RW,0x0,0x0,True
IVM.REG_SPI_RW.KEY_T,RW,0x1,0x1,True
IVM.REG_SPI_RW.KEY_U,RW,0x1,0x1,True
IVM.REG_DRIVE_STRENGTH_RW.SPI_SCK_DRV,RW,0x1,0x1,True
IVM.REG_DRIVE_STRENGTH_RW.SPI_SS_DRV,RW,0x1,0x1,True
IVM.REG_DRIVE_STRENGTH_RW.SPI_MOSI_DRV,RW,0x1,0x1,True
IVM.REG_DRIVE_STRENGTH_RW.SPI_MISO_DRV,RW,0x1,0x1,True
IVM.REG_DRIVE_STRENGTH_RW.SPI_READY_DRV,RW,0x1,0x1,True
IVM.REG_DRIVE_STRENGTH_RW.DIG_CLK_IN_DRV,RW,0x1,0x1,True
IVM.REG_DRIVE_STRENGTH_RW.VBUS_DET_DRV,RW,0x2,0x2,True
IVM.REG_DRIVE_STRENGTH_RW.ERROR_DET_B_DRV,RW,0x1,0x1,True
IVM.REG_DRIVE_STRENGTH_RW.IL_ZC_DET_DRV,RW,0x1,0x1,True
IVM.REG_DRIVE_STRENGTH_RW.DTEST1_DRV,RW,0x1,0x1,True
IVM.REG_DRIVE_STRENGTH_RW.DTEST2_DRV,RW,0x1,0x1,True
IVM.REG_DRIVE_STRENGTH_RW.GPIO1_DRV,RW,0x1,0x1,True
IVM.REG_DRIVE_STRENGTH_RW.GPIO2_DRV,RW,0x1,0x1,True
IVM.REG_PULL_UP_DOWN_EN_RW.SPI_SCK_PD_EN,RW,0x1,0x1,True
IVM.REG_PULL_UP_DOWN_EN_RW.SPI_SCK_PRES_EN,RW,0x1,0x1,True
IVM.REG_PULL_UP_DOWN_EN_RW.SPI_SS_PD_EN,RW,0x0,0x0,True
IVM.REG_PULL_UP_DOWN_EN_RW.SPI_SS_PRES_EN,RW,0x1,0x1,True
IVM.REG_PULL_UP_DOWN_EN_RW.SPI_MOSI_PD_EN,RW,0x1,0x1,True
IVM.REG_PULL_UP_DOWN_EN_RW.SPI_MOSI_PRES_EN,RW,0x1,0x1,True
IVM.REG_PULL_UP_DOWN_EN_RW.SPI_MISO_PD_EN,RW,0x1,0x1,True
IVM.REG_PULL_UP_DOWN_EN_RW.SPI_MISO_PRES_EN,RW,0x1,0x1,True
IVM.REG_PULL_UP_DOWN_EN_RW.SPI_READY_PD_EN,RW,0x1,0x1,True
IVM.REG_PULL_UP_DOWN_EN_RW.SPI_READY_PRES_EN,RW,0x1,0x1,True
IVM.REG_PULL_UP_DOWN_EN_RW.DIG_CLK_IN_PD_EN,RW,0x1,0x1,True
IVM.REG_PULL_UP_DOWN_EN_RW.DIG_CLK_IN_PRES_EN,RW,0x1,0x1,True
IVM.REG_PULL_UP_DOWN_EN_RW.VBUS_DET_PD_EN,RW,0x1,0x1,True
IVM.REG_PULL_UP_DOWN_EN_RW.VBUS_DET_PRES_EN,RW,0x1,0x1,True
IVM.REG_PULL_UP_DOWN_EN_RW.ERROR_DET_B_PD_EN,RW,0x0,0x0,True
IVM.REG_PULL_UP_DOWN_EN_RW.ERROR_DET_B_PRES_EN,RW,0x1,0x1,True
IVM.REG_PULL_UP_DOWN_EN_RW.IL_ZC_DET_PD_EN,RW,0x1,0x1,True
IVM.REG_PULL_UP_DOWN_EN_RW.IL_ZC_DET_PRES_EN,RW,0x1,0x1,True
IVM.REG_PULL_UP_DOWN_EN_RW.DTEST1_PD_EN,RW,0x1,0x1,True
IVM.REG_PULL_UP_DOWN_EN_RW.DTEST1_PRES_EN,RW,0x0,0x0,True
IVM.REG_PULL_UP_DOWN_EN_RW.DTEST2_PD_EN,RW,0x1,0x1,True
IVM.REG_PULL_UP_DOWN_EN_RW.DTEST2_PRES_EN,RW,0x0,0x0,True
IVM.REG_PULL_UP_DOWN_EN_RW.GPIO1_PD_EN,RW,0x1,0x1,True
IVM.REG_PULL_UP_DOWN_EN_RW.GPIO1_PRES_EN,RW,0x0,0x0,True
IVM.REG_PULL_UP_DOWN_EN_RW.GPIO2_PD_EN,RW,0x1,0x1,True
IVM.REG_PULL_UP_DOWN_EN_RW.GPIO2_PRES_EN,RW,0x0,0x0,True
IVM.REG_PULL_INPUT_OUTPUT_EN_RW.SPI_SCK_IE,RW,0x1,0x1,True
IVM.REG_PULL_INPUT_OUTPUT_EN_RW.SPI_SCK_OE,RW,0x0,0x0,True
IVM.REG_PULL_INPUT_OUTPUT_EN_RW.SPI_SS_IE,RW,0x1,0x1,True
IVM.REG_PULL_INPUT_OUTPUT_EN_RW.SPI_SS_OE,RW,0x0,0x0,True
IVM.REG_PULL_INPUT_OUTPUT_EN_RW.SPI_MOSI_IE,RW,0x1,0x1,True
IVM.REG_PULL_INPUT_OUTPUT_EN_RW.SPI_MOSI_OE,RW,0x0,0x0,True
IVM.REG_PULL_INPUT_OUTPUT_EN_RW.SPI_MISO_IE,RW,0x0,0x0,True
IVM.REG_PULL_INPUT_OUTPUT_EN_RW.SPI_MISO_OE,RW,0x1,0x1,True
IVM.REG_PULL_INPUT_OUTPUT_EN_RW.SPI_READY_IE,RW,0x0,0x0,True
IVM.REG_PULL_INPUT_OUTPUT_EN_RW.SPI_READY_OE,RW,0x1,0x1,True
IVM.REG_PULL_INPUT_OUTPUT_EN_RW.DIG_CLK_IN_IE,RW,0x1,0x1,True
IVM.REG_PULL_INPUT_OUTPUT_EN_RW.DIG_CLK_IN_OE,RW,0x0,0x0,True
IVM.REG_PULL_INPUT_OUTPUT_EN_RW.VBUS_DET_IE,RW,0x0,0x0,True
IVM.REG_PULL_INPUT_OUTPUT_EN_RW.VBUS_DET_OE,RW,0x1,0x1,True
IVM.REG_PULL_INPUT_OUTPUT_EN_RW.ERROR_DET_B_IE,RW,0x0,0x0,True
IVM.REG_PULL_INPUT_OUTPUT_EN_RW.ERROR_DET_B_OE,RW,0x1,0x1,True
IVM.REG_PULL_INPUT_OUTPUT_EN_RW.IL_ZC_DET_IE,RW,0x0,0x0,True
IVM.REG_PULL_INPUT_OUTPUT_EN_RW.IL_ZC_DET_OE,RW,0x1,0x1,True
IVM.REG_PULL_INPUT_OUTPUT_EN_RW.DTEST1_IE,RW,0x0,0x0,True
IVM.REG_PULL_INPUT_OUTPUT_EN_RW.DTEST1_OE,RW,0x1,0x1,True
IVM.REG_PULL_INPUT_OUTPUT_EN_RW.DTEST2_IE,RW,0x0,0x0,True
IVM.REG_PULL_INPUT_OUTPUT_EN_RW.DTEST2_OE,RW,0x1,0x1,True
IVM.REG_PULL_INPUT_OUTPUT_EN_RW.GPIO1_IE,RW,0x0,0x0,True
IVM.REG_PULL_INPUT_OUTPUT_EN_RW.GPIO1_OE,RW,0x1,0x1,True
IVM.REG_PULL_INPUT_OUTPUT_EN_RW.GPIO2_IE,RW,0x0,0x0,True
IVM.REG_PULL_INPUT_OUTPUT_EN_RW.GPIO2_OE,RW,0x1,0x1,True
IVM.REG_DEBUG_IN_EN_RW.DEBUG_IN_EN_0,RW,0x0,0x0,True
IVM.REG_DEBUG_IN_EN_RW.DEBUG_IN_EN_1,RW,0x0,0x0,True
IVM.REG_DEBUG_IN_EN_RW.DEBUG_IN_EN_2,RW,0x0,0x0,True
IVM.REG_DEBUG_IN_EN_RW.DEBUG_IN_EN_3,RW,0x0,0x0,True
IVM.REG_DEBUG_IN_EN_RW.DEBUG_IN_EN_4,RW,0x0,0x0,True
IVM.REG_DEBUG_IN_EN_RW.DEBUG_IN_EN_5,RW,0x0,0x0,True
IVM.REG_DEBUG_IN_EN_RW.DEBUG_IN_EN_6,RW,0x0,0x0,True
IVM.REG_DEBUG_IN_EN_RW.DEBUG_IN_EN_7,RW,0x0,0x0,True
IVM.REG_DEBUG_IN_EN_RW.DEBUG_IN_EN_8,RW,0x0,0x0,True
IVM.REG_DEBUG_IN_EN_RW.DEBUG_IN_EN_9,RW,0x0,0x0,True
IVM.REG_DEBUG_IN_EN_RW.DEBUG_IN_EN_10,RW,0x0,0x0,True
IVM.REG_DEBUG_IN_EN_RW.DEBUG_IN_EN_11,RW,0x0,0x0,True
IVM.REG_DEBUG_IN_EN_RW.DEBUG_IN_EN_12,RW,0x0,0x0,True
IVM.REG_DEBUG_IN_EN_RW.DEBUG_IN_EN_13,RW,0x0,0x0,True
IVM.REG_DEBUG_IN_EN_RW.DEBUG_IN_EN_14,RW,0x0,0x0,True
IVM.REG_DEBUG_IN_EN_RW.DEBUG_IN_EN_15,RW,0x0,0x0,True
IVM.REG_DEBUG_IN_EN_RW.DEBUG_IN_EN_16,RW,0x0,0x0,True
IVM.REG_DEBUG_IN_EN_RW.SPARE_DEBUG_IN_EN,RW,0x0,0x0,True
IVM.REG_DEBUG_IN_EN_RW.DD_PH1_IL_OC_DET_ACT_MASK,RW,0x1,0x1,True
IVM.REG_DEBUG_IN_EN_RW.DD_PH2_IL_OC_DET_ACT_MASK,RW,0x1,0x1,True
IVM.REG_DEBUG_IN_EN_RW.DD_PH3_IL_OC_DET_ACT_MASK,RW,0x1,0x1,True
IVM.REG_DEBUG_IN_EN_RW.DD_PH4_IL_OC_DET_ACT_MASK,RW,0x1,0x1,True
IVM.REG_DEBUG_IN_EN_RW.DS_AON_VDDSNS_UVLO_ACT_MASK,RW,0x1,0x1,True
IVM.REG_DEBUG_IN_EN_RW.DS_AON_VDDSNS_OVP_ACT_MASK,RW,0x1,0x1,True
IVM.REG_DEBUG_IN_EN_RW.DS_AON_VBUS_UVLO_ACT_MASK,RW,0x1,0x1,True
IVM.REG_DEBUG_IN_EN_RW.DS_AON_VBUS_OVP_ACT_MASK,RW,0x1,0x1,True
IVM.REG_DEBUG_IN_EN_RW.DS_AON_DETACH_ACT_MASK,RW,0x1,0x1,True
IVM.REG_DEBUG_IN_EN_RW.IRQ_TEMP_ERR_ACT_MASK,RW,0x1,0x1,True
IVM.REG_DEBUG_IN_EN_RW.IRQ_TEMP_WARN_ACT_MASK,RW,0x1,0x1,True
IVM.REG_DEBUG_IN_RW.DEBUG_IN_0,RW,0x0,0x0,True
IVM.REG_DEBUG_IN_RW.DEBUG_IN_1,RW,0x0,0x0,True
IVM.REG_DEBUG_IN_RW.DEBUG_IN_2,RW,0x0,0x0,True
IVM.REG_DEBUG_IN_RW.DEBUG_IN_3,RW,0x0,0x0,True
IVM.REG_DEBUG_IN_RW.DEBUG_IN_4,RW,0x0,0x0,True
IVM.REG_DEBUG_IN_RW.DEBUG_IN_5,RW,0x0,0x0,True
IVM.REG_DEBUG_IN_RW.DEBUG_IN_6,RW,0x0,0x0,True
IVM.REG_DEBUG_IN_RW.DEBUG_IN_7,RW,0x0,0x0,True
IVM.REG_DEBUG_IN_RW.DEBUG_IN_8,RW,0x0,0x0,True
IVM.REG_DEBUG_IN_RW.DEBUG_IN_9,RW,0x0,0x0,True
IVM.REG_DEBUG_IN_RW.DEBUG_IN_10,RW,0x0,0x0,True
IVM.REG_DEBUG_IN_RW.DEBUG_IN_11,RW,0x0,0x0,True
IVM.REG_DEBUG_IN_RW.DEBUG_IN_12,RW,0x0,0x0,True
IVM.REG_DEBUG_IN_RW.DEBUG_IN_13,RW,0x0,0x0,True
IVM.REG_DEBUG_IN_RW.DEBUG_IN_14,RW,0x0,0x0,True
IVM.REG_DEBUG_IN_RW.DEBUG_IN_15,RW,0x0,0x0,True
IVM.REG_DEBUG_IN_RW.DEBUG_IN_16,RW,0x0,0x0,True
IVM.REG_DEBUG_IN_RW.SPARE_DEBUG_IN,RW,0x0,0x0,True
